Model,Order,Seasonal_Order,Trend,Fit_Stage,Data_Start,Data_End,AIC,BIC,Parameters_JSON
"SARIMA(1,1,1)(1,1,1,12)","(1, 1, 1)","(1, 1, 1, 12)",c,full_data,1958-03,2021-12,367.54723886413143,395.17902638982065,"{""intercept"": 0.0018298833405824592, ""ar.L1"": 0.2181320731650327, ""ma.L1"": -0.5846653665670751, ""ar.S.L12"": -0.0005594695087825974, ""ma.S.L12"": -0.8815186800393343, ""sigma2"": 0.0929434706199578}"
"SARIMA(1,1,1)(1,1,1,12)","(1, 1, 1)","(1, 1, 1, 12)",c,training_data,1958-03,2011-12,280.7216202748019,307.2902519109095,"{""intercept"": 0.0017483583343239505, ""ar.L1"": 0.20730979780852604, ""ma.L1"": -0.5496551283307546, ""ar.S.L12"": -0.0005899350546202485, ""ma.S.L12"": -0.886652447277848, ""sigma2"": 0.08816870762826214}"
