Year,Quadratic_Residual,SARIMA_Annualized_Residual
2012,0.0340382481001029,0.054180544995745095
2013,0.5857544798274148,0.5672954783295836
2014,0.5037745766377384,0.476359550466384
2015,0.528098538531026,0.4734630316261246
2016,1.7287263655074412,1.6471635438379053
2017,1.8556580575667,1.7401751162833534
2018,1.5688936147090544,1.418016078141875
2019,2.238433036934396,2.047305764860539
2020,2.524276324242692,2.280538043183867
2021,2.4164234766340087,2.1243839120189136
