Model,Order,Seasonal_Order,Trend,Fit_Stage,Data_Start,Data_End,AIC,BIC,Parameters_JSON
"SARIMA(1,2,1)(1,1,1,12)","(1, 2, 1)","(1, 1, 1, 12)",c,full_data,1958-03,2021-12,422.30663041700933,449.93029336461217,"{""intercept"": -9.315183260657284e-07, ""ar.L1"": -0.4488720676345739, ""ma.L1"": -1.000993961501507, ""ar.S.L12"": -0.06012280380428182, ""ma.S.L12"": -0.8603891408875782, ""sigma2"": 0.09791392898902739}"
"SARIMA(1,2,1)(1,1,1,12)","(1, 2, 1)","(1, 1, 1, 12)",c,training_data,1958-03,2011-12,342.40132810212884,368.960258846875,"{""intercept"": -3.749430524221267e-06, ""ar.L1"": -0.5139234920756607, ""ma.L1"": -0.9996408279853474, ""ar.S.L12"": -0.11395857057842157, ""ma.S.L12"": -0.8294592981618623, ""sigma2"": 0.09691639795831386}"
