Model,Model_Key,Model_Type,Fit_Stage,Polynomial_Degree,First_Year_For_t,Data_Start_Year,Data_End_Year,Test_Start_Year,Formula,Coefficients_JSON,Coefficient_a,Coefficient_b,Coefficient_c,Coefficient_d,Coefficient_e,Coefficient_A,Coefficient_B,Coefficient_ln_A
Quartic,quartic,polynomial,full_data,4.0,1959,1959,2021,2012,"CO2 = 0.0000061294 * t^4 + -0.0007188051 * t^3 + 0.0393369032 * t^2 + 0.4925176942 * t + 316.2258873724, where t = year - 1959","{""a"": 6.129418674202447e-06, ""b"": -0.0007188051033376766, ""c"": 0.03933690317487044, ""d"": 0.4925176942014454, ""e"": 316.22588737237106}",6.129418674202447e-06,-0.0007188051033376766,0.03933690317487044,0.4925176942014454,316.22588737237106,,,
Quartic,quartic,polynomial,training_data,4.0,1959,1959,2011,2012,"CO2 = 0.0000107700 * t^4 + -0.0011836054 * t^3 + 0.0540134166 * t^2 + 0.3378647148 * t + 316.5569381000, where t = year - 1959","{""a"": 1.076999666286497e-05, ""b"": -0.0011836054312250965, ""c"": 0.05401341663509598, ""d"": 0.33786471482749325, ""e"": 316.5569380999668}",1.076999666286497e-05,-0.0011836054312250965,0.05401341663509598,0.33786471482749325,316.5569380999668,,,
