a,b,c,C_mean,Fit_Start_Year,Fit_End_Year
2.9496050700486583e-06,0.010446034487215093,0.3485248984076873,357.3385714285714,1959,2021
