{
  "run_timestamp": "2026-07-08T15:55:40",
  "settings": {
    "test_years_count": 10,
    "future_end_year": 2200,
    "plot_end_year": 2100,
    "additional_temperature_change_targets_from_last_observed_year": [
      1.25,
      1.5,
      2.0
    ]
  },
  "temperature_best_by_test_rmse": {
    "Model": "Quadratic time trend",
    "Model_Key": "quadratic_time",
    "Model_Type": "polynomial_time",
    "Full_Formula": "Temperature change from 1951-1980 base period = polynomial degree 2 in t, t = year - 1958",
    "Train_Formula": "Temperature change from 1951-1980 base period = polynomial degree 2 in t, t = year - 1958",
    "Full_SSE": 0.5444466079753579,
    "Full_MSE": 0.008506978249614968,
    "Full_RMSE": 0.09223328168082803,
    "Full_MAE": 0.0805395593989344,
    "Full_Mean_Error": -4.683753385137379e-17,
    "Full_Max_Absolute_Error": 0.19661107642357642,
    "Full_R2": 0.9180549333415575,
    "Full_Adjusted_R2": 0.9153682098445595,
    "Full_AIC": -299.0795828323146,
    "Full_BIC": -292.6029335822356,
    "Train_SSE": 0.4583688008846499,
    "Train_MSE": 0.008488311127493516,
    "Train_RMSE": 0.09213203095283158,
    "Train_MAE": 0.07955956862455815,
    "Train_Mean_Error": -4.214735556447354e-17,
    "Train_Max_Absolute_Error": 0.1954837028799294,
    "Train_R2": 0.8659892006602508,
    "Train_Adjusted_R2": 0.8607338751959469,
    "Train_AIC": -251.52952206141248,
    "Train_BIC": -245.56256992171964,
    "Test_SSE": 0.08736917991246064,
    "Test_MSE": 0.008736917991246065,
    "Test_RMSE": 0.09347148223520405,
    "Test_MAE": 0.08392625571493495,
    "Test_Mean_Error": -0.014867576867576716,
    "Test_Max_Absolute_Error": 0.15480929552627665,
    "Test_R2": 0.4534302163749725,
    "Test_Adjusted_R2": 0.297267421053536,
    "Test_AIC": -41.40197784084724,
    "Test_BIC": -40.4942225618651
  },
  "relationship_best_by_test_rmse": {
    "Model": "Quadratic centered CO2",
    "Model_Key": "quadratic_centered_co2",
    "Model_Type": "polynomial_centered_co2",
    "Full_Formula": "Temperature change from 1951-1980 base period = polynomial degree 2 in (CO2 - 357.3386)",
    "Train_Formula": "Temperature change from 1951-1980 base period = polynomial degree 2 in (CO2 - 348.2919)",
    "Full_SSE": 0.49739328042163117,
    "Full_MSE": 0.007895131435263986,
    "Full_RMSE": 0.08885455213585844,
    "Full_MAE": 0.0785213929002803,
    "Full_Mean_Error": -3.3879424838759735e-16,
    "Full_Max_Absolute_Error": 0.18603998065453273,
    "Full_R2": 0.9241850447146835,
    "Full_Adjusted_R2": 0.9216578795385063,
    "Full_AIC": -299.0150659605797,
    "Full_BIC": -292.5856617814051,
    "Train_SSE": 0.4154199831708882,
    "Train_MSE": 0.007838112890016758,
    "Train_RMSE": 0.08853311747598612,
    "Train_MAE": 0.07791062619643069,
    "Train_Mean_Error": -2.09476042382105e-16,
    "Train_Max_Absolute_Error": 0.18678325056704612,
    "Train_R2": 0.8771916154823809,
    "Train_Adjusted_R2": 0.8722792801016761,
    "Train_AIC": -250.98413034906088,
    "Train_BIC": -245.0732546084045,
    "Test_SSE": 0.08262645492834975,
    "Test_MSE": 0.008262645492834975,
    "Test_RMSE": 0.09089909511560043,
    "Test_MAE": 0.08274817774300913,
    "Test_Mean_Error": 0.005754954234021725,
    "Test_Max_Absolute_Error": 0.16987311934461768,
    "Test_R2": 0.483100063006883,
    "Test_Adjusted_R2": 0.3354143667231353,
    "Test_AIC": -41.96010465144241,
    "Test_BIC": -41.05234937246027
  },
  "relationship_correlation_summary": {
    "Aligned_Period": "1959-2021",
    "Observations": 63,
    "Pearson_R_CO2_Temp": 0.961318248780683,
    "Spearman_R_CO2_Temp": 0.948970686189994,
    "Pearson_R_Year_Temp": 0.9477123036837343,
    "Pearson_R_Year_CO2": 0.9911930941405609
  }
}