Model,Order,Seasonal_Order,Trend,Fit_Stage,Data_Start,Data_End,AIC,BIC,Parameters_JSON
"SARIMA(2,1,1)(1,1,1,12)","(2, 1, 1)","(1, 1, 1, 12)",c,full_data,1958-03,2021-12,445.4446097557921,477.6816952024295,"{""intercept"": 0.00032811396932364874, ""ar.L1"": 0.6730693192502694, ""ar.L2"": 0.20236645027811204, ""ma.L1"": -0.9984743896831377, ""ar.S.L12"": -0.13286407581212487, ""ma.S.L12"": -0.5883310815525664, ""sigma2"": 0.10336831367542927}"
"SARIMA(2,1,1)(1,1,1,12)","(2, 1, 1)","(1, 1, 1, 12)",c,training_data,1958-03,2011-12,281.57175120272507,312.56848811151724,"{""intercept"": 0.0008791862882587575, ""ar.L1"": 0.452840235521437, ""ar.L2"": 0.1406760535022406, ""ma.L1"": -1.239393302352557, ""ar.S.L12"": -0.01233856051893946, ""ma.S.L12"": -0.8950482292293418, ""sigma2"": 0.057009136348512034}"
