Model,Model_Key,Model_Type,Fit_Stage,Polynomial_Degree,First_Year_For_t,Data_Start_Year,Data_End_Year,Test_Start_Year,Formula,Coefficients_JSON,Coefficient_a,Coefficient_b,Coefficient_c,Coefficient_d,Coefficient_e,Coefficient_A,Coefficient_B,Coefficient_ln_A
Cubic,cubic,polynomial,full_data,3.0,1959,1959,2021,2012,"CO2 = 0.0000412428 * t^3 + 0.0092020541 * t^2 + 0.9000662444 * t + 315.0535677517, where t = year - 1959","{""a"": 4.124281226343708e-05, ""b"": 0.009202054078772875, ""c"": 0.9000662443741451, ""d"": 315.0535677516929}",4.124281226343708e-05,0.009202054078772875,0.9000662443741451,315.0535677516929,,,,
Cubic,cubic,polynomial,training_data,3.0,1959,1959,2011,2012,"CO2 = -0.0000635258 * t^3 + 0.0168030782 * t^2 + 0.7584546245 * t + 315.5572670097, where t = year - 1959","{""a"": -6.352577828715011e-05, ""b"": 0.01680307816489822, ""c"": 0.758454624505682, ""d"": 315.5572670097198}",-6.352577828715011e-05,0.01680307816489822,0.758454624505682,315.5572670097198,,,,
