Model,Order,Seasonal_Order,Trend,Fit_Stage,Data_Start,Data_End,AIC,BIC,Parameters_JSON
"SARIMA(1,1,1)(2,1,2,12)","(1, 1, 1)","(2, 1, 2, 12)",c,full_data,1958-03,2021-12,365.21423493103475,401.9256467513029,"{""intercept"": 0.002611598958470365, ""ar.L1"": 0.21881092747305753, ""ma.L1"": -0.5878496625352758, ""ar.S.L12"": -0.3618492713754922, ""ar.S.L24"": -0.034327566402504416, ""ma.S.L12"": -0.5190126155717136, ""ma.S.L24"": -0.31531272513907216, ""sigma2"": 0.09315744272238527}"
"SARIMA(1,1,1)(2,1,2,12)","(1, 1, 1)","(2, 1, 2, 12)",c,training_data,1958-03,2011-12,278.09837548647727,313.36660581495323,"{""intercept"": 0.002448295383025209, ""ar.L1"": 0.19773822027079682, ""ma.L1"": -0.549659096429745, ""ar.S.L12"": -0.3607912509274994, ""ar.S.L24"": -0.044778388593548116, ""ma.S.L12"": -0.5325655148774209, ""ma.S.L24"": -0.309963841104964, ""sigma2"": 0.08829974940274118}"
