Model,Order,Seasonal_Order,Trend,Fit_Stage,Data_Start,Data_End,AIC,BIC,Parameters_JSON
"SARIMA(1,1,1)(5,1,5,12)","(1, 1, 1)","(5, 1, 5, 12)",c,full_data,1958-03,2021-12,346.39831644489345,409.9322739776408,"{""intercept"": 0.00586393502275587, ""ar.L1"": 0.17125923660353765, ""ma.L1"": -0.5352268343472405, ""ar.S.L12"": -0.5642100422004956, ""ar.S.L24"": -0.7999319107882771, ""ar.S.L36"": -0.30419468156515883, ""ar.S.L48"": -0.017569097288298134, ""ar.S.L60"": -0.045063732751187545, ""ma.S.L12"": -0.29727655199697833, ""ma.S.L24"": 0.31241618167250673, ""ma.S.L36"": -0.4053186861792605, ""ma.S.L48"": -0.27688768599794544, ""ma.S.L60"": -0.011455988539903752, ""sigma2"": 0.09037383877624841}"
"SARIMA(1,1,1)(5,1,5,12)","(1, 1, 1)","(5, 1, 5, 12)",c,training_data,1958-03,2011-12,259.93907205815515,320.8025209933393,"{""intercept"": 0.004819400110742319, ""ar.L1"": 0.20276823479801767, ""ma.L1"": -0.5320565130464506, ""ar.S.L12"": -0.543732659634518, ""ar.S.L24"": -0.7593475287384747, ""ar.S.L36"": -0.25397722533001926, ""ar.S.L48"": -0.01112046825636831, ""ar.S.L60"": -0.030463984326704645, ""ma.S.L12"": -0.3345929262290205, ""ma.S.L24"": 0.27871066247357146, ""ma.S.L36"": -0.43984870293386163, ""ma.S.L48"": -0.2378459152510877, ""ma.S.L60"": 0.008577523100251613, ""sigma2"": 0.08519889202533425}"
